SOLIDWORKS Simulation table driven force file,
Unit SI,
Distance,Force
0.7526185,5.923622508
0.7247051,10.43110678
0.678947,13.90793314
0.6164709,16.94545768
0.5388154,19.75117079
0.4478924,22.36987181
0.3459408,24.83636528
0.2354709,27.13672748
0.1192031,29.11330305
1.23105E-15,30.19038456
